season,supply,supply_formatted,calculated_value,cumulative_sum
5065,10691220852649,10691220.852649,4454675355.270420,4454675355.270420
5066,10691221872749,10691221.872749,4454675780.312087,8909351135.582508
5067,10691139039228,10691139.039228,4454641266.345004,13363992401.927513
5068,10691140059328,10691140.059328,4454641691.386670,17818634093.314182
5069,10691141079428,10691141.079428,4454642116.428337,22273276209.742519
5070,10691025906920,10691025.906920,4454594127.883337,26727870337.625854
5071,10691026927020,10691026.927020,4454594552.925003,31182464890.550858
5072,10691027947120,10691027.947120,4454594977.966670,35637059868.517525
5073,10690878496027,10690878.496027,4454532706.677920,40091592575.195442
5074,10690879516127,10690879.516127,4454533131.719586,44546125706.915031
5075,10690880536227,10690880.536227,4454533556.761253,49000659263.676285
5076,10690697793837,10690697.793837,4454457414.098754,53455116677.775040
5077,10690698813937,10690698.813937,4454457839.140420,57909574516.915459
5078,10690699834037,10690699.834037,4454458264.182087,62364032781.097549
5079,10690478412427,10690478.412427,4454366005.177920,66818398786.275467
5080,10690479432527,10690479.432527,4454366430.219586,71272765216.495056
5081,10690480452627,10690480.452627,4454366855.261253,75727132071.756317
5082,10690227832735,10690227.832735,4454261596.972920,80181393668.729233
5083,10690228852835,10690228.852835,4454262022.014586,84635655690.743820
5084,10690229872935,10690229.872935,4454262447.056253,89089918137.800079
5085,10689943197414,10689943.197414,4454142998.922503,93544061136.722580
5086,10689944217514,10689944.217514,4454143423.964170,97998204560.686752
5087,10689945237614,10689945.237614,4454143849.005837,102452348409.692596
5088,10689630088793,10689630.088793,4454012536.997087,106906360946.689682
5089,10689631108893,10689631.108893,4454012962.038754,111360373908.728439
5090,10689632128993,10689632.128993,4454013387.080420,115814387295.808853
5091,10689282955039,10689282.955039,4453867897.932920,120268255193.741776
5092,10689283975139,10689283.975139,4453868322.974587,124722123516.716370
5093,10689284995239,10689284.995239,4453868748.016253,129175992264.732620
5094,10688896420615,10688896.420615,4453706841.922920,133629699106.655548
5095,10688897440715,10688897.440715,4453707266.964586,138083406373.620148
5096,10688898460815,10688898.460815,4453707692.006253,142537114065.626404
5097,10688499165376,10688499.165376,4453541318.906671,146990655384.533081
5098,10688500185476,10688500.185476,4453541743.948337,151444197128.481415
5099,10688501205576,10688501.205576,4453542168.990004,155897739297.471405
5100,10688069480648,10688069.480648,4453362283.603337,160351101581.074738
5101,10688070500748,10688070.500748,4453362708.645003,164804464289.719727
5102,10688071520848,10688071.520848,4453363133.686670,169257827423.406403
5103,10687589784753,10687589.784753,4453162410.313753,173710989833.720154
5104,10687590804853,10687590.804853,4453162835.355420,178164152669.075562
5105,10687591824953,10687591.824953,4453163260.397087,182617315929.472656
5106,10687020179304,10687020.179304,4452925074.710004,187070241004.182648
5107,10687021199404,10687021.199404,4452925499.751670,191523166503.934326
5108,10687022219504,10687022.219504,4452925924.793337,195976092428.727661
5109,10686425592822,10686425.592822,4452677330.342504,200428769759.070160
5110,10686426612922,10686426.612922,4452677755.384171,204881447514.454346
5111,10686427633022,10686427.633022,4452678180.425838,209334125694.880188
5112,10685783208038,10685783.208038,4452409670.015837,213786535364.896027
5113,10685784228138,10685784.228138,4452410095.057504,218238945459.953522
5114,10685785248238,10685785.248238,4452410520.099170,222691355980.052704
5115,10685110502385,10685110.502385,4452129375.993753,227143485356.046448
5116,10685111522485,10685111.522485,4452129801.035420,231595615157.081879
5117,10685112542585,10685112.542585,4452130226.077086,236047745383.158966
5118,10684402068300,10684402.068300,4451834195.125004,240499579578.283966
5119,10684403088400,10684403.088400,4451834620.166670,244951414198.450623
5120,10684404108500,10684404.108500,4451835045.208337,249403249243.658966
5121,10683669907918,10683669.907918,4451529128.299170,253854778371.958130
5122,10683670928018,10683670.928018,4451529553.340837,258306307925.298981
5123,10683671948118,10683671.948118,4451529978.382504,262757837903.681488
5124,10682910669521,10682910.669521,4451212778.967087,267209050682.648560
5125,10682911689621,10682911.689621,4451213204.008754,271660263886.657318
5126,10682912709721,10682912.709721,4451213629.050420,276111477515.707764
5127,10682099239979,10682099.239979,4450874683.324587,280562352199.032349
5128,10682100260079,10682100.260079,4450875108.366254,285013227307.398621
5129,10682101280179,10682101.280179,4450875533.407921,289464102840.806519
5130,10681240409394,10681240.409394,4450516837.247503,293914619678.054016
5131,10681241429494,10681241.429494,4450517262.289170,298365136940.343201
5132,10681242449594,10681242.449594,4450517687.330837,302815654627.674011
5133,10680327575025,10680327.575025,4450136489.593754,307265791117.267761
5134,10680328595125,10680328.595125,4450136914.635420,311715928031.903198
5135,10680329615225,10680329.615225,4450137339.677087,316166065371.580261
5136,10679330635325,10679330.635325,4449721098.052087,320615786469.632324
5137,10679331655425,10679331.655425,4449721523.093754,325065507992.726074
5138,10679332675525,10679332.675525,4449721948.135421,329515229940.861511
5139,10678333695625,10678333.695625,4449305706.510420,333964535647.371948
5140,10678334715725,10678334.715725,4449306131.552087,338413841778.924011
5141,10678335735825,10678335.735825,4449306556.593754,342863148335.517761
5142,10677336755925,10677336.755925,4448890314.968754,347312038650.486511
5143,10677337776025,10677337.776025,4448890740.010420,351760929390.496948
5144,10677338796125,10677338.796125,4448891165.052087,356209820555.549011
5145,10676339816225,10676339.816225,4448474923.427087,360658295478.976074
5146,10676340836325,10676340.836325,4448475348.468754,365106770827.444824
5147,10676341856425,10676341.856425,4448475773.510421,369555246600.955261
5148,10675342876525,10675342.876525,4448059531.885420,374003306132.840698
5149,10675343896625,10675343.896625,4448059956.927087,378451366089.767761
5150,10675344916725,10675344.916725,4448060381.968754,382899426471.736511
5151,10674345936825,10674345.936825,4447644140.343754,387347070612.080261
5152,10674346956925,10674346.956925,4447644565.385421,391794715177.465698
5153,10674347977025,10674347.977025,4447644990.427087,396242360167.892761
5154,10673348997125,10673348.997125,4447228748.802087,400689588916.694824
5155,10673350017225,10673350.017225,4447229173.843754,405136818090.538574
5156,10673351037325,10673351.037325,4447229598.885420,409584047689.424011
5157,10672352057425,10672352.057425,4446813357.260420,414030861046.684448
5158,10672353077525,10672353.077525,4446813782.302087,418477674828.986511
5159,10672354097625,10672354.097625,4446814207.343754,422924489036.330261
5160,10671355117725,10671355.117725,4446397965.718754,427370887002.049011
5161,10671356137825,10671356.137825,4446398390.760420,431817285392.809448
5162,10671357157925,10671357.157925,4446398815.802087,436263684208.611511
5163,10670358178025,10670358.178025,4445982574.177087,440709666782.788574
5164,10670359198125,10670359.198125,4445982999.218754,445155649782.007324
5165,10670360218225,10670360.218225,4445983424.260420,449601633206.267761
5166,10669361238325,10669361.238325,4445567182.635421,454047200388.903198
5167,10669362258425,10669362.258425,4445567607.677087,458492767996.580261
5168,10669363278525,10669363.278525,4445568032.718754,462938336029.299011
5169,10668364298625,10668364.298625,4445151791.093754,467383487820.392761
5170,10668365318725,10668365.318725,4445152216.135420,471828640036.528198
5171,10668366338825,10668366.338825,4445152641.177087,476273792677.705261
5172,10667367358925,10667367.358925,4444736399.552087,480718529077.257324
5173,10667368379025,10667368.379025,4444736824.593754,485163265901.851074
5174,10667369399125,10667369.399125,4444737249.635421,489608003151.486511
5175,10666370419225,10666370.419225,4444321008.010420,494052324159.496948
5176,10666371439325,10666371.439325,4444321433.052087,498496645592.549011
5177,10666372459425,10666372.459425,4444321858.093754,502940967450.642761
5178,10665373479525,10665373.479525,4443905616.468754,507384873067.111511
5179,10665374499625,10665374.499625,4443906041.510420,511828779108.621948
5180,10665375519725,10665375.519725,4443906466.552087,516272685575.174011
5181,10664376539825,10664376.539825,4443490224.927087,520716175800.101074
5182,10664377559925,10664377.559925,4443490649.968754,525159666450.069824
5183,10664378580025,10664378.580025,4443491075.010420,529603157525.080261
5184,10663382046413,10663382.046413,4443075852.672087,534046233377.752319
5185,10663383066513,10663383.066513,4443076277.713754,538489309655.466064
5186,10663384086613,10663384.086613,4443076702.755420,542932386358.221497
5187,10662385106713,10662385.106713,4442660461.130421,547375046819.351929
5188,10662386126813,10662386.126813,4442660886.172087,551817707705.524048
5189,10662387146913,10662387.146913,4442661311.213754,556260369016.737793
5190,10661388167013,10661388.167013,4442245069.588754,560702614086.326538
5191,10661389187113,10661389.187113,4442245494.630420,565144859580.956909
5192,10661390207213,10661390.207213,4442245919.672087,569587105500.629028
5193,10660391227313,10660391.227313,4441829678.047087,574028935178.676147
5194,10660392247413,10660392.247413,4441830103.088754,578470765281.764893
5195,10660389086497,10660389.086497,4441828786.040421,582912594067.805298
5196,10659390106597,10659390.106597,4441412544.415421,587354006612.220703
5197,10659391126697,10659391.126697,4441412969.457087,591795419581.677734
5198,10659392146797,10659392.146797,4441413394.498754,596236832976.176514
5199,10658393166897,10658393.166897,4440997152.873754,600677830129.050293
5200,10658394186997,10658394.186997,4440997577.915420,605118827706.965698
5201,10658395207097,10658395.207097,4440998002.957087,609559825709.922729
5202,10657396227197,10657396.227197,4440581761.332088,614000407471.254761
5203,10657397247297,10657397.247297,4440582186.373754,618440989657.628540
5204,10657398267397,10657398.267397,4440582611.415421,622881572269.043945
5205,10656399287497,10656399.287497,4440166369.790421,627321738638.834351
5206,10656400307597,10656400.307597,4440166794.832087,631761905433.666382
5207,10656401327697,10656401.327697,4440167219.873754,636202072653.540161
5208,10655402347797,10655402.347797,4439750978.248754,640641823631.788940
5209,10655403367897,10655403.367897,4439751403.290421,645081575035.079346
5210,10655404387997,10655404.387997,4439751828.332087,649521326863.411377
5211,10654405408097,10654405.408097,4439335586.707087,653960662450.118408
5212,10654406428197,10654406.428197,4439336011.748754,658399998461.867188
5213,10654407448297,10654407.448297,4439336436.790421,662839334898.657593
5214,10653408468397,10653408.468397,4438920195.165421,667278255093.822998
5215,10653409488497,10653409.488497,4438920620.207087,671717175714.030029
5216,10653410508597,10653410.508597,4438921045.248754,676156096759.278809
5217,10652411528697,10652411.528697,4438504803.623754,680594601562.902588
5218,10652412548797,10652412.548797,4438505228.665421,685033106791.567993
5219,10652413568897,10652413.568897,4438505653.707087,689471612445.275024
5220,10651414588997,10651414.588997,4438089412.082087,693909701857.357056
5221,10651415609097,10651415.609097,4438089837.123754,698347791694.480835
5222,10651416629197,10651416.629197,4438090262.165421,702785881956.646240
5223,10650417649297,10650417.649297,4437674020.540421,707223555977.186646
5224,10650418669397,10650418.669397,4437674445.582088,711661230422.768677
5225,10650419689497,10650419.689497,4437674870.623754,716098905293.392456
5226,10649420709597,10649420.709597,4437258628.998754,720536163922.391235
5227,10649421729697,10649421.729697,4437259054.040420,724973422976.431641
5228,10649422749797,10649422.749797,4437259479.082087,729410682455.513672
5229,10648423769897,10648423.769897,4436843237.457087,733847525692.970703
5230,10648424789997,10648424.789997,4436843662.498754,738284369355.469482
5231,10648425810097,10648425.810097,4436844087.540421,742721213443.009888
5232,10647426830197,10647426.830197,4436427845.915421,747157641288.925293
5233,10647427850297,10647427.850297,4436428270.957087,751594069559.882324
5234,10647428870397,10647428.870397,4436428695.998754,756030498255.881104
5235,10646429890497,10646429.890497,4436012454.373754,760466510710.254883
5236,10646430910597,10646430.910597,4436012879.415421,764902523589.670288
5237,10646431930697,10646431.930697,4436013304.457087,769338536894.127319
5238,10645432950797,10645432.950797,4435597062.832088,773774133956.959351
5239,10645433970897,10645433.970897,4435597487.873754,778209731444.833130
5240,10645434990997,10645434.990997,4435597912.915421,782645329357.748535
5241,10644436011097,10644436.011097,4435181671.290420,787080511029.038940
5242,10644437031197,10644437.031197,4435182096.332087,791515693125.370972
5243,10644438051297,10644438.051297,4435182521.373754,795950875646.744751
5244,10643439071397,10643439.071397,4434766279.748754,800385641926.493530
5245,10643440091497,10643440.091497,4434766704.790421,804820408631.283936
5246,10643441111597,10643441.111597,4434767129.832088,809255175761.115967
5247,10642442131697,10642442.131697,4434350888.207087,813689526649.322998
5248,10642443151797,10642443.151797,4434351313.248754,818123877962.571777
5249,10642444171897,10642444.171897,4434351738.290420,822558229700.862183
5250,10642445191997,10642445.191997,4434352163.332087,826992581864.194214
5251,10641446212097,10641446.212097,4433935921.707087,831426517785.901245
5252,10641447232197,10641447.232197,4433936346.748754,835860454132.650024
5253,10640448252297,10640448.252297,4433520105.123754,840293974237.773804
5254,10640449272397,10640449.272397,4433520530.165421,844727494767.939209
5255,10640450292497,10640450.292497,4433520955.207087,849161015723.146240
5256,10639451333101,10639451.333101,4433104722.125421,853594120445.271606
5257,10639452353201,10639452.353201,4433105147.167087,858027225592.438721
5258,10639453373301,10639453.373301,4433105572.208754,862460331164.647461
5259,10638454393401,10638454.393401,4432689330.583754,866893020495.231201
5260,10638455413501,10638455.413501,4432689755.625420,871325710250.856567
5261,10638456433601,10638456.433601,4432690180.667087,875758400431.523682
5262,10637457453701,10637457.453701,4432273939.042087,880190674370.565796
5263,10637458473801,10637458.473801,4432274364.083754,884622948734.649536
5264,10637459493901,10637459.493901,4432274789.125421,889055223523.774902
5265,10636460514001,10636460.514001,4431858547.500421,893487082071.275269
5266,10636461534101,10636461.534101,4431858972.542087,897918941043.817383
5267,10636462554201,10636462.554201,4431859397.583754,902350800441.401123
5268,10635463574301,10635463.574301,4431443155.958754,906782243597.359863
5269,10635464594401,10635464.594401,4431443581.000421,911213687178.360229
5270,10635465614501,10635465.614501,4431444006.042087,915645131184.402344
5271,10634466634601,10634466.634601,4431027764.417087,920076158948.819458
5272,10634467654701,10634467.654701,4431028189.458754,924507187138.278198
5273,10634468674801,10634468.674801,4431028614.500421,928938215752.778564
5274,10633469694901,10633469.694901,4430612372.875420,933368828125.653931
5275,10633470715001,10633470.715001,4430612797.917087,937799440923.571045
5276,10633471735101,10633471.735101,4430613222.958754,942230054146.529785
5277,10632472755201,10632472.755201,4430196981.333754,946660251127.863525
5278,10632473775301,10632473.775301,4430197406.375421,951090448534.238892
5279,10632474795401,10632474.795401,4430197831.417087,955520646365.656006
5280,10631475815501,10631475.815501,4429781589.792087,959950427955.448120
5281,10631476835601,10631476.835601,4429782014.833754,964380209970.281860
5282,10631477855701,10631477.855701,4429782439.875420,968809992410.157227
5283,10630478875801,10630478.875801,4429366198.250421,973239358608.407593
5284,10630479916405,10630479.916405,4429366631.835420,977668725240.243042
5285,10630480936505,10630480.936505,4429367056.877087,982098092297.120117
5286,10629481956605,10629481.956605,4428950815.252087,986527043112.372192
5287,10629482976705,10629482.976705,4428951240.293754,990955994352.665894
5288,10629484017309,10629484.017309,4428951673.878754,995384946026.544678
5289,10628485037409,10628485.037409,4428535432.253754,999813481458.798462
5290,10628486057509,10628486.057509,4428535857.295421,1004242017316.093872
5291,10628487077609,10628487.077609,4428536282.337087,1008670553598.430908
5292,10627488097709,10627488.097709,4428120040.712087,1013098673639.142944
5293,10627489117809,10627489.117809,4428120465.753754,1017526794104.896729
5294,10627490137909,10627490.137909,4428120890.795421,1021954914995.692139
5295,10626491158009,10626491.158009,4427704649.170420,1026382619644.862549
5296,10626492178109,10626492.178109,4427705074.212087,1030810324719.074585
5297,10626493198209,10626493.198209,4427705499.253754,1035238030218.328369
5298,10625494218309,10625494.218309,4427289257.628754,1039665319475.957153
5299,10625495238409,10625495.238409,4427289682.670421,1044092609158.627563
5300,10625496258509,10625496.258509,4427290107.712087,1048519899266.339600
5301,10624497278609,10624497.278609,4426873866.087087,1052946773132.426636
5302,10624498298709,10624498.298709,4426874291.128754,1057373647423.555420
5303,10624499318809,10624499.318809,4426874716.170420,1061800522139.725830
5304,10623500338909,10623500.338909,4426458474.545421,1066226980614.271240
5305,10623501359009,10623501.359009,4426458899.587087,1070653439513.858276
5306,10623502379109,10623502.379109,4426459324.628754,1075079898838.487061
5307,10623046332897,10623046.332897,4426269305.373754,1079506168143.860840
5308,10623047352997,10623047.352997,4426269730.415421,1083932437874.276245
5309,10623048373097,10623048.373097,4426270155.457087,1088358708029.733276
5310,10623049393197,10623049.393197,4426270580.498754,1092784978610.232056
5311,10623050413297,10623050.413297,4426271005.540420,1097211249615.772461
5312,10623051433397,10623051.433397,4426271430.582087,1101637521046.354492
5313,10623052453497,10623052.453497,4426271855.623754,1106063792901.978271
5314,10623053473597,10623053.473597,4426272280.665421,1110490065182.643799
5315,10623054493697,10623054.493697,4426272705.707087,1114916337888.350830
5316,10623055513797,10623055.513797,4426273130.748754,1119342611019.099609
5317,10623056533897,10623056.533897,4426273555.790421,1123768884574.890137
5318,10623057553997,10623057.553997,4426273980.832087,1128195158555.722168
5319,10623058574097,10623058.574097,4426274405.873754,1132621432961.595947
5320,10623059594197,10623059.594197,4426274830.915421,1137047707792.511475
5321,10623060614297,10623060.614297,4426275255.957088,1141473983048.468506
5322,10623061634397,10623061.634397,4426275680.998754,1145900258729.467285
5323,10623062654497,10623062.654497,4426276106.040421,1150326534835.507812
5324,10623063674597,10623063.674597,4426276531.082087,1154752811366.589844
5325,10623064694697,10623064.694697,4426276956.123754,1159179088322.713623
5326,10623065714797,10623065.714797,4426277381.165420,1163605365703.879150
5327,10623066734897,10623066.734897,4426277806.207087,1168031643510.086182
5328,10623067754997,10623067.754997,4426278231.248754,1172457921741.334961
5329,10623068775097,10623068.775097,4426278656.290421,1176884200397.625488
5330,10623069795197,10623069.795197,4426279081.332087,1181310479478.957520
5331,10623070815297,10623070.815297,4426279506.373754,1185736758985.331299
5332,10623071835397,10623071.835397,4426279931.415421,1190163038916.746826
5333,10623072855497,10623072.855497,4426280356.457087,1194589319273.203857
5334,10623073875597,10623073.875597,4426280781.498754,1199015600054.702637
5335,10623074895697,10623074.895697,4426281206.540421,1203441881261.243164
5336,10623075915797,10623075.915797,4426281631.582088,1207868162892.825195
5337,10623076935897,10623076.935897,4426282056.623754,1212294444949.448975
5338,10623077955997,10623077.955997,4426282481.665421,1216720727431.114502
5339,10623078976097,10623078.976097,4426282906.707087,1221147010337.821533
5340,10623079996197,10623079.996197,4426283331.748754,1225573293669.570312
5341,10623081016297,10623081.016297,4426283756.790420,1229999577426.360840
5342,10623082036397,10623082.036397,4426284181.832087,1234425861608.192871
5343,10623083056497,10623083.056497,4426284606.873754,1238852146215.066650
5344,10623084076597,10623084.076597,4426285031.915420,1243278431246.982178
5345,10623085096697,10623085.096697,4426285456.957087,1247704716703.939209
5346,10623086116797,10623086.116797,4426285881.998754,1252131002585.937988
5347,10623087136897,10623087.136897,4426286307.040421,1256557288892.978516
5348,10623088156997,10623088.156997,4426286732.082087,1260983575625.060547
5349,10623089177097,10623089.177097,4426287157.123754,1265409862782.184326
5350,10623090197197,10623090.197197,4426287582.165421,1269836150364.349854
5351,10623028491939,10623028.491939,4426261871.641253,1274262412235.991211
5352,10622939891859,10622939.891859,4426224954.941254,1278688637190.932373
5353,10622824427959,10622824.427959,4426176844.982921,1283114814035.915283
5354,10622683506786,10622683.506786,4426118127.827504,1287540932163.742676
5355,10622514606713,10622514.606713,4426047752.797087,1291966979916.539795
5356,10622317324148,10622317.324148,4425965551.728337,1296392945468.268066
5357,10622092440931,10622092.440931,4425871850.387920,1300818817318.656006
5358,10621834241332,10621834.241332,4425764267.221670,1305244581585.877686
5359,10621546893685,10621546.893685,4425644539.035420,1309670226124.913086
5360,10621230477569,10621230.477569,4425512698.987087,1314095738823.900146
5361,10620884805451,10620884.805451,4425368668.937920,1318521107492.838135
5362,10620507082350,10620507.082350,4425211284.312504,1322946318777.150635
5363,10620101680942,10620101.680942,4425042367.059171,1327371361144.209717
5364,10619664683510,10619664.683510,4424860284.795836,1331796221429.005615
5365,10619197564051,10619197.564051,4424665651.687920,1336220887080.693604
5366,10618701825029,10618701.825029,4424459093.762087,1340645346174.455811
5367,10618174886929,10618174.886929,4424239536.220420,1345069585710.676270
5368,10617608530195,10617608.530195,4424003554.247920,1349493589264.924072
5369,10617018104883,10617018.104883,4423757543.701253,1353917346808.625244
5370,10616400892482,10616400.892482,4423500371.867504,1358340847180.492676
5371,10616401912582,10616401.912582,4423500796.909170,1362764347977.401855
5372,10615738230128,10615738.230128,4423224262.553337,1367187572239.955078
5373,10615739250228,10615739.250228,4423224687.595004,1371610796927.550049
5374,10615740270328,10615740.270328,4423225112.636670,1376034022040.186768
5375,10615048468814,10615048.468814,4422936862.005836,1380456958902.192627
5376,10615049488914,10615049.488914,4422937287.047503,1384879896189.240234
5377,10615050529518,10615050.529518,4422937720.632504,1389302833909.872803
5378,10614334329221,10614334.329221,4422639303.842087,1393725473213.714844
5379,10614335349321,10614335.349321,4422639728.883754,1398148112942.598633
5380,10614336453943,10614336.453943,4422640189.142920,1402570753131.741455
5381,10613614709268,10613614.709268,4422339462.195004,1406993092593.936523
5382,10613615729368,10613615.729368,4422339887.236670,1411415432481.173096
5383,10613616749468,10613616.749468,4422340312.278337,1415837772793.451416
5384,10612882016004,10612882.016004,4422034173.335004,1420259806966.786377
5385,10612883036104,10612883.036104,4422034598.376670,1424681841565.163086
5386,10612884056204,10612884.056204,4422035023.418337,1429103876588.581543
5387,10612123493032,10612123.493032,4421718122.096670,1433525594710.678223
5388,10612124513132,10612124.513132,4421718547.138336,1437947313257.816650
5389,10612125533232,10612125.533232,4421718972.180003,1442369032229.996582
5390,10611337587912,10611337.587912,4421390661.630004,1446790422891.626465
5391,10611338608012,10611338.608012,4421391086.671670,1451211813978.298096
5392,10611339628112,10611339.628112,4421391511.713337,1455633205490.011475
5393,10610610001536,10610610.001536,4421087500.640003,1460054292990.651367
5394,10610611021636,10610611.021636,4421087925.681670,1464475380916.333008
5395,10610612041736,10610612.041736,4421088350.723337,1468896469267.056396
5396,10609867791928,10609867.791928,4420778246.636670,1473317247513.693115
5397,10609868812028,10609868.812028,4420778671.678337,1477738026185.371338
5398,10609869832128,10609869.832128,4420779096.720003,1482158805282.091309
5399,10609104804571,10609104.804571,4420460335.237920,1486579265617.329346
5400,10609105824671,10609105.824671,4420460760.279587,1490999726377.608887
5401,10609106844771,10609106.844771,4420461185.321254,1495420187562.930176
5402,10608299827636,10608299.827636,4420124928.181670,1499840312491.111816
5403,10608300847736,10608300.847736,4420125353.223337,1504260437844.335205
5404,10608301867836,10608301.867836,4420125778.265003,1508680563622.600098
5405,10607468653306,10607468.653306,4419778605.544170,1513100342228.144287
5406,10607469673406,10607469.673406,4419779030.585836,1517520121258.730225
5407,10607470778028,10607470.778028,4419779490.845003,1521939900749.575195
5408,10606644998037,10606644.998037,4419435415.848753,1526359336165.423828
5409,10606646018137,10606646.018137,4419435840.890420,1530778772006.314209
5410,10606647038237,10606647.038237,4419436265.932087,1535198208272.246338
5411,10605797541775,10605797.541775,4419082309.072920,1539617290581.319336
5412,10605798561875,10605798.561875,4419082734.114587,1544036373315.433838
5413,10605799581975,10605799.581975,4419083159.156254,1548455456474.590088
5414,10604932074341,10604932.074341,4418721697.642087,1552874178172.232178
5415,10604933094441,10604933.094441,4418722122.683754,1557292900294.916016
5416,10604934114541,10604934.114541,4418722547.725420,1561711622842.641357
5417,10603944713228,10603944.713228,4418310297.178337,1566129933139.819580
5418,10603945733328,10603945.733328,4418310722.220004,1570548243862.039551
5419,10603946753428,10603946.753428,4418311147.261670,1574966555009.301270
5420,10602950439374,10602950.439374,4417896016.405837,1579384451025.707031
5421,10602951459474,10602951.459474,4417896441.447503,1583802347467.154541
5422,10602952479574,10602952.479574,4417896866.489170,1588220244333.643799
5423,10601941102428,10601941.102428,4417475459.345003,1592637719792.988770
5424,10601942122528,10601942.122528,4417475884.386670,1597055195677.375488
5425,10601943142628,10601943.142628,4417476309.428337,1601472671986.803711
5426,10600901978552,10600901.978552,4417042491.063336,1605889714477.866943
5427,10600902998652,10600902.998652,4417042916.105003,1610306757393.971924
5428,10600904018752,10600904.018752,4417043341.146670,1614723800735.118652
5429,10599413752093,10599413.752093,4416422396.705420,1619140223131.823975
5430,10599414772193,10599414.772193,4416422821.747087,1623556645953.571045
5431,10599415792293,10599415.792293,4416423246.788754,1627973069200.359863
5432,10597112445742,10597112.445742,4415463519.059170,1632388532719.418945
5433,10597113486346,10597113.486346,4415463952.644170,1636803996672.063232
5434,10597114506446,10597114.506446,4415464377.685837,1641219461049.749023
5435,10594685300727,10594685.300727,4414452208.636253,1645633913258.385254
5436,10594686320827,10594686.320827,4414452633.677920,1650048365892.063232
5437,10594687340927,10594687.340927,4414453058.719586,1654462818950.782715
5438,10592539393757,10592539.393757,4413558080.732087,1658876377031.514893
5439,10592540413857,10592540.413857,4413558505.773753,1663289935537.288574
5440,10592541433957,10592541.433957,4413558930.815420,1667703494468.104004
5441,10590361489666,10590361.489666,4412650620.694170,1672116145088.798096
5442,10590362509766,10590362.509766,4412651045.735837,1676528796134.533936
5443,10590363529866,10590363.529866,4412651470.777503,1680941447605.311523
5444,10588416850435,10588416.850435,4411840354.347920,1685353287959.659424
5445,10588417870535,10588417.870535,4411840779.389586,1689765128739.049072
5446,10588418890635,10588418.890635,4411841204.431253,1694176969943.480225
5447,10586416421622,10586416.421622,4411006842.342504,1698587976785.822754
5448,10586417441722,10586417.441722,4411007267.384171,1702998984053.207031
5449,10586418461822,10586418.461822,4411007692.425837,1707409991745.632812
5450,10584371476842,10584371.476842,4410154782.017504,1711820146527.650391
5451,10584372517446,10584372.517446,4410155215.602504,1716230301743.252930
5452,10584373537546,10584373.537546,4410155640.644171,1720640457383.897217
5453,10581907832919,10581907.832919,4409128263.716253,1725049585647.613525
5454,10581908853019,10581908.853019,4409128688.757920,1729458714336.371338
5455,10581909873119,10581909.873119,4409129113.799586,1733867843450.170898
5456,10579301482488,10579301.482488,4408042284.370004,1738275885734.541016
5457,10579302502588,10579302.502588,4408042709.411670,1742683928443.952637
5458,10579303522688,10579303.522688,4408043134.453337,1747091971578.406006
5459,10576648528516,10576648.528516,4406936886.881670,1751498908465.287598
5460,10576649548616,10576649.548616,4406937311.923337,1755905845777.210938
5461,10576650568716,10576650.568716,4406937736.965003,1760312783514.176025
5462,10573947973327,10573947.973327,4405811655.552920,1764718595169.729004
5463,10573949013931,10573949.013931,4405812089.137920,1769124407258.866943
5464,10573950034031,10573950.034031,4405812514.179586,1773530219773.046631
5465,10571174043095,10571174.043095,4404655851.289587,1777934875624.336182
5466,10571175063195,10571175.063195,4404656276.331253,1782339531900.667480
5467,10571176083295,10571176.083295,4404656701.372920,1786744188602.040283
5468,10568353454011,10568353.454011,4403480605.837920,1791147669207.878174
5469,10568354474111,10568354.474111,4403481030.879587,1795551150238.757812
5470,10568355494211,10568355.494211,4403481455.921254,1799954631694.678955
5471,10565929489789,10565929.489789,4402470620.745420,1804357102315.424316
5472,10565930509889,10565930.509889,4402471045.787086,1808759573361.211426
5473,10565931529989,10565931.529989,4402471470.828753,1813162044832.040283
5474,10563330529692,10563330.529692,4401387720.705004,1817563432552.745361
5475,10563331549792,10563331.549792,4401388145.746671,1821964820698.491943
5476,10563332569892,10563332.569892,4401388570.788337,1826366209269.280273
5477,10560686060335,10560686.060335,4400285858.472920,1830766495127.753174
5478,10560687080435,10560687.080435,4400286283.514587,1835166781411.267822
5479,10560688100535,10560688.100535,4400286708.556253,1839567068119.823975
5480,10558015126928,10558015.126928,4399172969.553336,1843966241089.377197
5481,10558016147028,10558016.147028,4399173394.595003,1848365414483.972168
5482,10558017167128,10558017.167128,4399173819.636670,1852764588303.608887
5483,10555280863727,10555280.863727,4398033693.219587,1857162621996.828369
5484,10555281883827,10555281.883827,4398034118.261253,1861560656115.089600
5485,10555282903927,10555282.903927,4398034543.302920,1865958690658.392578
5486,10552597023407,10552597.023407,4396915426.419586,1870355606084.812256
5487,10552598043507,10552598.043507,4396915851.461253,1874752521936.273438
5488,10552599063607,10552599.063607,4396916276.502920,1879149438212.776367
5489,10550202260164,10550202.260164,4395917608.401670,1883545355821.177979
5490,10550203280264,10550203.280264,4395918033.443337,1887941273854.621338
5491,10550204300364,10550204.300364,4395918458.485003,1892337192313.106445
5492,10546509020008,10546509.020008,4394378758.336670,1896731571071.443115
5493,10546510040108,10546510.040108,4394379183.378337,1901125950254.821533
5494,10546511060208,10546511.060208,4394379608.420004,1905520329863.241455
5495,10542846871057,10542846.871057,4392852862.940420,1909913182726.181885
5496,10542847891157,10542847.891157,4392853287.982087,1914306036014.164062
5497,10542848911257,10542848.911257,4392853713.023753,1918698889727.187744
5498,10539074321684,10539074.321684,4391280967.368337,1923090170694.556152
5499,10539075341784,10539075.341784,4391281392.410004,1927481452086.966064
5500,10539076361884,10539076.361884,4391281817.451670,1931872733904.417725
5501,10535249733795,10535249.733795,4389687389.081253,1936262421293.499023
5502,10535250753895,10535250.753895,4389687814.122920,1940652109107.621826
5503,10535251773995,10535251.773995,4389688239.164587,1945041797346.786377
5504,10531371563109,10531371.563109,4388071484.628754,1949429868831.415039
5505,10531372583209,10531372.583209,4388071909.670421,1953817940741.085449
5506,10531373603309,10531373.603309,4388072334.712087,1958206013075.797607
5507,10527433096650,10527433.096650,4386430456.937504,1962592443532.735107
5508,10527434116750,10527434.116750,4386430881.979170,1966978874414.714355
5509,10527435136850,10527435.136850,4386431307.020837,1971365305721.735107
5510,10520830675532,10520830.675532,4383679448.138337,1975748985169.873535
5511,10520831695632,10520831.695632,4383679873.180003,1980132665043.053467
5512,10520832715732,10520832.715732,4383680298.221670,1984516345341.275146
5513,10513926334784,10513926.334784,4380802639.493337,1988897147980.768555
5514,10513927354884,10513927.354884,4380803064.535004,1993277951045.303467
5515,10513928374984,10513928.374984,4380803489.576671,1997658754534.880127
5516,10506884662934,10506884.662934,4377868609.555837,2002036623144.436035
5517,10506885683034,10506885.683034,4377869034.597504,2006414492179.033447
5518,10506886703134,10506886.703134,4377869459.639170,2010792361638.672607
5519,10499755902991,10499755.902991,4374898292.912920,2015167259931.585449
5520,10499756923091,10499756.923091,4374898717.954587,2019542158649.540039
5521,10499757943191,10499757.943191,4374899142.996254,2023917057792.536377
5522,10492557961515,10492557.961515,4371899150.631253,2028288956943.167725
5523,10492558981615,10492558.981615,4371899575.672920,2032660856518.840576
5524,10492560001715,10492560.001715,4371900000.714587,2037032756519.555176
5525,10485289787433,10485289.787433,4368870744.763754,2041401627264.318848
5526,10485290807533,10485290.807533,4368871169.805420,2045770498434.124268
5527,10485291827633,10485291.827633,4368871594.847087,2050139370028.971436
5528,10477984627762,10477984.627762,4365826928.234170,2054505196957.205566
5529,10477985647862,10477985.647862,4365827353.275837,2058871024310.481445
5530,10477986667962,10477986.667962,4365827778.317503,2063236852088.798828
5531,10473275339923,10473275.339923,4363864724.967920,2067600716813.766846
5532,10473276360023,10473276.360023,4363865150.009587,2071964581963.776367
5533,10473277380123,10473277.380123,4363865575.051253,2076328447538.827637
5534,10472278400223,10472278.400223,4363449333.426253,2080691896872.253906
5535,10472279420323,10472279.420323,4363449758.467920,2085055346630.721924
5536,10472280440423,10472280.440423,4363450183.509586,2089418796814.231445
5537,10471281460523,10471281.460523,4363033941.884587,2093781830756.115967
5538,10471282480623,10471282.480623,4363034366.926253,2098144865123.042236
5539,10471283500723,10471283.500723,4363034791.967920,2102507899915.010254
5540,10470284520823,10470284.520823,4362618550.342920,2106870518465.353271
5541,10470285540923,10470285.540923,4362618975.384586,2111233137440.737793
5542,10470286561023,10470286.561023,4362619400.426253,2115595756841.164062
5543,10469287581123,10469287.581123,4362203158.801253,2119957959999.965332
5544,10469288601223,10469288.601223,4362203583.842920,2124320163583.808350
5545,10469289621323,10469289.621323,4362204008.884587,2128682367592.692871
5546,10468290641423,10468290.641423,4361787767.259587,2133044155359.952393
5547,10468291661523,10468291.661523,4361788192.301253,2137405943552.253662
5548,10468292681623,10468292.681623,4361788617.342920,2141767732169.596680
5549,10467664825746,10467664.825746,4361527010.727504,2146129259180.324219
5550,10467665845846,10467665.845846,4361527435.769171,2150490786616.093506
5551,10467666865946,10467666.865946,4361527860.810837,2154852314476.904297
5552,10466980366022,10466980.366022,4361241819.175837,2159213556296.080078
5553,10466981386122,10466981.386122,4361242244.217504,2163574798540.297607
5554,10466982406222,10466982.406222,4361242669.259171,2167936041209.556885
5555,10466234494047,10466234.494047,4360931039.186254,2172296972248.743164
5556,10466235514147,10466235.514147,4360931464.227921,2176657903712.971191
5557,10466236534247,10466236.534247,4360931889.269587,2181018835602.240723
5558,10465433227152,10465433.227152,4360597177.980003,2185379432780.220703
5559,10465434353977,10465434.353977,4360597647.490420,2189740030427.711182
5560,10465435374077,10465435.374077,4360598072.532086,2194100628500.243164
5561,10464570443614,10464570.443614,4360237684.839170,2198460866185.082275
5562,10464571463714,10464571.463714,4360238109.880836,2202821104294.962891
5563,10464572483814,10464572.483814,4360238534.922503,2207181342829.885254
5564,10463631819054,10463631.819054,4359846591.272504,2211541189421.157715
5565,10463632839154,10463632.839154,4359847016.314170,2215901036437.471680
5566,10463633859254,10463633.859254,4359847441.355837,2220260883878.827637
5567,10462638268913,10462638.268913,4359432612.047087,2224620316490.874512
5568,10462639289013,10462639.289013,4359433037.088754,2228979749527.963379
5569,10462640309113,10462640.309113,4359433462.130420,2233339182990.093750
5570,10461641329213,10461641.329213,4359017220.505420,2237698200210.599121
5571,10461642349313,10461642.349313,4359017645.547087,2242057217856.145996
5572,10461643369413,10461643.369413,4359018070.588754,2246416235926.734863
5573,10460644389513,10460644.389513,4358601828.963754,2250774837755.698730
5574,10460645409613,10460645.409613,4358602254.005421,2255133440009.704102
5575,10460646429713,10460646.429713,4358602679.047087,2259492042688.750977
5576,10459647449813,10459647.449813,4358186437.422087,2263850229126.172852
5577,10459648469913,10459648.469913,4358186862.463754,2268208415988.636719
5578,10459649490013,10459649.490013,4358187287.505420,2272566603276.142090
5579,10458650510113,10458650.510113,4357771045.880421,2276924374322.022461
5580,10458651530213,10458651.530213,4357771470.922087,2281282145792.944336
5581,10458652550313,10458652.550313,4357771895.963754,2285639917688.908203
5582,10457653570413,10457653.570413,4357355654.338754,2289997273343.247070
5583,10457654590513,10457654.590513,4357356079.380420,2294354629422.627441
5584,10456589255147,10456589.255147,4356912189.644587,2298711541612.271973
5585,10456590275247,10456590.275247,4356912614.686254,2303068454226.958008
5586,10456591295347,10456591.295347,4356913039.727921,2307425367266.686035
5587,10456592315447,10456592.315447,4356913464.769587,2311782280731.455566
5588,10456332297034,10456332.297034,4356805123.764170,2316139085855.219727
5589,10456333317134,10456333.317134,4356805548.805837,2320495891404.025391
5590,10456334337234,10456334.337234,4356805973.847504,2324852697377.873047
5591,10456019610674,10456019.610674,4356674837.780837,2329209372215.653809
5592,10456020630774,10456020.630774,4356675262.822503,2333566047478.476074
5593,10456021650874,10456021.650874,4356675687.864170,2337922723166.340332
5594,10455644082219,10455644.082219,4356518367.591253,2342279241533.931641
5595,10455645102319,10455645.102319,4356518792.632920,2346635760326.564453
5596,10455646122419,10455646.122419,4356519217.674587,2350992279544.239258
5597,10455284093483,10455284.093483,4356368372.284587,2355348647916.523926
5598,10455285113583,10455285.113583,4356368797.326254,2359705016713.850098
5599,10455286133683,10455286.133683,4356369222.367920,2364061385936.217773
5600,10455287153783,10455287.153783,4356369647.409587,2368417755583.627441
5601,10455288173883,10455288.173883,4356370072.451253,2372774125656.078613
5602,10455289193983,10455289.193983,4356370497.492920,2377130496153.571289
5603,10455290214083,10455290.214083,4356370922.534587,2381486867076.105957
5604,10455291234183,10455291.234183,4356371347.576253,2385843238423.682129
5605,10455292254283,10455292.254283,4356371772.617920,2390199610196.299805
5606,10455293274383,10455293.274383,4356372197.659587,2394555982393.959473
5607,10455294294483,10455294.294483,4356372622.701254,2398912355016.660645
5608,10455295314583,10455295.314583,4356373047.742920,2403268728064.403320
5609,10455296334683,10455296.334683,4356373472.784587,2407625101537.187988
5610,10455297354783,10455297.354783,4356373897.826254,2411981475435.014160
5611,10455298374883,10455298.374883,4356374322.867920,2416337849757.881836
5612,10455299394983,10455299.394983,4356374747.909587,2420694224505.791504
5613,10455300415083,10455300.415083,4356375172.951254,2425050599678.742676
5614,10455301435183,10455301.435183,4356375597.992920,2429406975276.735352
5615,10455302455283,10455302.455283,4356376023.034587,2433763351299.770020
5616,10455303495887,10455303.495887,4356376456.619587,2438119727756.389648
5617,10455304515987,10455304.515987,4356376881.661254,2442476104638.050781
5618,10455305536087,10455305.536087,4356377306.702920,2446832481944.753906
5619,10455306556187,10455306.556187,4356377731.744587,2451188859676.498535
5620,10455307576287,10455307.576287,4356378156.786254,2455545237833.284668
5621,10455308596387,10455308.596387,4356378581.827920,2459901616415.112793
5622,10455309616487,10455309.616487,4356379006.869587,2464257995421.982422
5623,10455310636587,10455310.636587,4356379431.911254,2468614374853.893555
5624,10455311656687,10455311.656687,4356379856.952920,2472970754710.846680
5625,10455312676787,10455312.676787,4356380281.994587,2477327134992.841309
5626,10455313696887,10455313.696887,4356380707.036253,2481683515699.877441
5627,10455314716987,10455314.716987,4356381132.077920,2486039896831.955566
5628,10455315737087,10455315.737087,4356381557.119587,2490396278389.075195
5629,10455316757187,10455316.757187,4356381982.161253,2494752660371.236328
5630,10455317777287,10455317.777287,4356382407.202920,2499109042778.439453
5631,10455318797387,10455318.797387,4356382832.244587,2503465425610.684082
5632,10455319817487,10455319.817487,4356383257.286254,2507821808867.970215
5633,10455320837587,10455320.837587,4356383682.327920,2512178192550.298340
5634,10455321857687,10455321.857687,4356384107.369587,2516534576657.667969
5635,10455322877787,10455322.877787,4356384532.411254,2520890961190.079102
5636,10455323897887,10455323.897887,4356384957.452920,2525247346147.532227
5637,10455324917987,10455324.917987,4356385382.494587,2529603731530.026855
5638,10455325938087,10455325.938087,4356385807.536254,2533960117337.562988
5639,10455326958187,10455326.958187,4356386232.577920,2538316503570.141113
5640,10455327998791,10455327.998791,4356386666.162920,2542672890236.304199
5641,10455329018891,10455329.018891,4356387091.204587,2547029277327.508789
5642,10455330038991,10455330.038991,4356387516.246254,2551385664843.754883
5643,10455331059091,10455331.059091,4356387941.287920,2555742052785.042969
5644,10455332079191,10455332.079191,4356388366.329587,2560098441151.372559
5645,10455333099291,10455333.099291,4356388791.371254,2564454829942.743652
5646,10455334119391,10455334.119391,4356389216.412920,2568811219159.156738
5647,10455335139491,10455335.139491,4356389641.454587,2573167608800.611328
5648,10455336159591,10455336.159591,4356390066.496253,2577523998867.107422
5649,10455337179691,10455337.179691,4356390491.537920,2581880389358.645508
5650,10455338199791,10455338.199791,4356390916.579587,2586236780275.225098
5651,10455339219891,10455339.219891,4356391341.621253,2590593171616.846191
5652,10455340239991,10455340.239991,4356391766.662920,2594949563383.509277
5653,10455341260091,10455341.260091,4356392191.704587,2599305955575.213867
5654,10455342280191,10455342.280191,4356392616.746254,2603662348191.959961
5655,10455343300291,10455343.300291,4356393041.787920,2608018741233.748047
5656,10455344320391,10455344.320391,4356393466.829587,2612375134700.577637
5657,10455345340491,10455345.340491,4356393891.871254,2616731528592.448730
5658,10455346360591,10455346.360591,4356394316.912920,2621087922909.361816
5659,10455347380691,10455347.380691,4356394741.954587,2625444317651.316406
5660,10455348400791,10455348.400791,4356395166.996254,2629800712818.312500
5661,10455349420891,10455349.420891,4356395592.037920,2634157108410.350586
5662,10455350440991,10455350.440991,4356396017.079587,2638513504427.430176
5663,10455351461091,10455351.461091,4356396442.121253,2642869900869.551270
5664,10455352481191,10455352.481191,4356396867.162920,2647226297736.714355
5665,10455353501291,10455353.501291,4356397292.204587,2651582695028.918945
5666,10455354521391,10455354.521391,4356397717.246253,2655939092746.165039
5667,10455355541491,10455355.541491,4356398142.287920,2660295490888.453125
5668,10455356561591,10455356.561591,4356398567.329587,2664651889455.782715
5669,10455357581691,10455357.581691,4356398992.371254,2669008288448.153809
5670,10455358601791,10455358.601791,4356399417.412920,2673364687865.566895
5671,10455359621891,10455359.621891,4356399842.454587,2677721087708.021484
5672,10455360641991,10455360.641991,4356400267.496254,2682077487975.517578
5673,10455361662091,10455361.662091,4356400692.537920,2686433888668.055664
5674,10455362682191,10455362.682191,4356401117.579587,2690790289785.635254
5675,10455363702291,10455363.702291,4356401542.621254,2695146691328.256348
5676,10455364722391,10455364.722391,4356401967.662920,2699503093295.919434
5677,10455365742491,10455365.742491,4356402392.704587,2703859495688.624023
5678,10455366762591,10455366.762591,4356402817.746253,2708215898506.370117
5679,10455367782691,10455367.782691,4356403242.787920,2712572301749.158203
5680,10455368802791,10455368.802791,4356403667.829587,2716928705416.987793
5681,10455369822891,10455369.822891,4356404092.871253,2721285109509.858887
5682,10455370842991,10455370.842991,4356404517.912920,2725641514027.771973
5683,10455371863091,10455371.863091,4356404942.954587,2729997918970.726562
5684,10455372883191,10455372.883191,4356405367.996254,2734354324338.722656
5685,10455373903291,10455373.903291,4356405793.037920,2738710730131.760742
5686,10455374923391,10455374.923391,4356406218.079587,2743067136349.840332
5687,10455375943491,10455375.943491,4356406643.121254,2747423542992.961426
5688,10455376963591,10455376.963591,4356407068.162920,2751779950061.124512
5689,10455377983691,10455377.983691,4356407493.204587,2756136357554.329102
5690,10455379003791,10455379.003791,4356407918.246254,2760492765472.575195
5691,10455380023891,10455380.023891,4356408343.287920,2764849173815.863281
5692,10455381043991,10455381.043991,4356408768.329587,2769205582584.192871
5693,10455382064091,10455382.064091,4356409193.371253,2773561991777.563965
5694,10455383084191,10455383.084191,4356409618.412920,2777918401395.977051
5695,10455384104291,10455384.104291,4356410043.454587,2782274811439.431641
5696,10455385124391,10455385.124391,4356410468.496253,2786631221907.927734
5697,10455386144491,10455386.144491,4356410893.537920,2790987632801.465820
5698,10455387164591,10455387.164591,4356411318.579587,2795344044120.045410
5699,10455388184691,10455388.184691,4356411743.621253,2799700455863.666504
5700,10455389204791,10455389.204791,4356412168.662920,2804056868032.329590
5701,10455390224891,10455390.224891,4356412593.704587,2808413280626.034180
5702,10455391244991,10455391.244991,4356413018.746254,2812769693644.780273
5703,10455392265091,10455392.265091,4356413443.787920,2817126107088.568359
5704,10455393285191,10455393.285191,4356413868.829587,2821482520957.397949
5705,10455394305291,10455394.305291,4356414293.871254,2825838935251.269043
5706,10455395325391,10455395.325391,4356414718.912920,2830195349970.182129
5707,10455396345491,10455396.345491,4356415143.954587,2834551765114.136719
5708,10455397365591,10455397.365591,4356415568.996253,2838908180683.132812
5709,10455398385691,10455398.385691,4356415994.037920,2843264596677.170898
5710,10455399405791,10455399.405791,4356416419.079587,2847621013096.250488
5711,10455400425891,10455400.425891,4356416844.121253,2851977429940.371582
5712,10455401445991,10455401.445991,4356417269.162920,2856333847209.534668
5713,10455402466091,10455402.466091,4356417694.204587,2860690264903.739258
5714,10455403486191,10455403.486191,4356418119.246253,2865046683022.985352
5715,10455404506291,10455404.506291,4356418544.287920,2869403101567.273438
5716,10455405526391,10455405.526391,4356418969.329587,2873759520536.603027
5717,10455406546491,10455406.546491,4356419394.371254,2878115939930.974121
5718,10455407566591,10455407.566591,4356419819.412920,2882472359750.387207
5719,10455408586691,10455408.586691,4356420244.454587,2886828779994.841797
5720,10455409606791,10455409.606791,4356420669.496254,2891185200664.337891
5721,10455410626891,10455410.626891,4356421094.537920,2895541621758.875977
5722,10455411646991,10455411.646991,4356421519.579587,2899898043278.455566
5723,10455412667091,10455412.667091,4356421944.621253,2904254465223.076660
5724,10455413687191,10455413.687191,4356422369.662920,2908610887592.739746
5725,10455414707291,10455414.707291,4356422794.704587,2912967310387.444336
5726,10455415727391,10455415.727391,4356423219.746253,2917323733607.190430
5727,10455416747491,10455416.747491,4356423644.787920,2921680157251.978516
5728,10455417788095,10455417.788095,4356424078.372920,2926036581330.351562
5729,10455418808195,10455418.808195,4356424503.414587,2930393005833.766113
5730,10455419828295,10455419.828295,4356424928.456253,2934749430762.222168
5731,10455418907643,10455418.907643,4356424544.851254,2939105855307.073242
5732,10455419927743,10455419.927743,4356424969.892920,2943462280276.966309
5733,10455420947843,10455420.947843,4356425394.934587,2947818705671.900879
5734,10455421967943,10455421.967943,4356425819.976254,2952175131491.876953
5735,10455422988043,10455422.988043,4356426245.017920,2956531557736.895020
5736,10455424008143,10455424.008143,4356426670.059587,2960887984406.954590
5737,10455425028243,10455425.028243,4356427095.101254,2965244411502.055664
5738,10455426048343,10455426.048343,4356427520.142920,2969600839022.198730
5739,10455427068443,10455427.068443,4356427945.184587,2973957266967.383301
5740,10455428088543,10455428.088543,4356428370.226254,2978313695337.609375
5741,10455429108643,10455429.108643,4356428795.267920,2982670124132.877441
5742,10455430128743,10455430.128743,4356429220.309587,2987026553353.187012
5743,10455431148843,10455431.148843,4356429645.351254,2991382982998.538086
5744,10455432168943,10455432.168943,4356430070.392920,2995739413068.931152
5745,10455433189043,10455433.189043,4356430495.434587,3000095843564.365723
5746,10455434209143,10455434.209143,4356430920.476254,3004452274484.841797
5747,10455435229243,10455435.229243,4356431345.517920,3008808705830.359863
5748,10455436249343,10455436.249343,4356431770.559587,3013165137600.919434
5749,10455437269443,10455437.269443,4356432195.601254,3017521569796.520508
5750,10455438289543,10455438.289543,4356432620.642920,3021878002417.163574
5751,10455439309643,10455439.309643,4356433045.684587,3026234435462.848145
5752,10455440329743,10455440.329743,4356433470.726254,3030590868933.574219
5753,10455441349843,10455441.349843,4356433895.767920,3034947302829.342285
5754,10455442369943,10455442.369943,4356434320.809587,3039303737150.151855
5755,10455443390043,10455443.390043,4356434745.851254,3043660171896.002930
5756,10455444410143,10455444.410143,4356435170.892920,3048016607066.895996
5757,10455445430243,10455445.430243,4356435595.934587,3052373042662.830566
5758,10455446450343,10455446.450343,4356436020.976254,3056729478683.806641
5759,10455447470443,10455447.470443,4356436446.017920,3061085915129.824707
5760,10455448490543,10455448.490543,4356436871.059587,3065442352000.884277
5761,10455449510643,10455449.510643,4356437296.101254,3069798789296.985352
5762,10455450530743,10455450.530743,4356437721.142920,3074155227018.128418
5763,10455451550843,10455451.550843,4356438146.184587,3078511665164.312988
5764,10455452570943,10455452.570943,4356438571.226254,3082868103735.539062
5765,10455453591043,10455453.591043,4356438996.267920,3087224542731.807129
5766,10455454611143,10455454.611143,4356439421.309587,3091580982153.116699
5767,10455455631243,10455455.631243,4356439846.351254,3095937421999.467773
5768,10455456651343,10455456.651343,4356440271.392920,3100293862270.860840
5769,10455457671443,10455457.671443,4356440696.434587,3104650302967.295410
5770,10455458691543,10455458.691543,4356441121.476254,3109006744088.771484
5771,10455459711643,10455459.711643,4356441546.517920,3113363185635.289551
5772,10455460731743,10455460.731743,4356441971.559587,3117719627606.849121
5773,10455461751843,10455461.751843,4356442396.601254,3122076070003.450195
5774,10455462771943,10455462.771943,4356442821.642920,3126432512825.093262
5775,10455463792043,10455463.792043,4356443246.684587,3130788956071.777832
5776,10455464812143,10455464.812143,4356443671.726254,3135145399743.503906
5777,10455465832243,10455465.832243,4356444096.767920,3139501843840.271973
5778,10455466852343,10455466.852343,4356444521.809587,3143858288362.081543
5779,10455467872443,10455467.872443,4356444946.851254,3148214733308.932617
5780,10455468892543,10455468.892543,4356445371.892920,3152571178680.825684
5781,10455469912643,10455469.912643,4356445796.934587,3156927624477.760254
5782,10455470932743,10455470.932743,4356446221.976254,3161284070699.736328
5783,10455471952843,10455471.952843,4356446647.017920,3165640517346.754395
5784,10455472972943,10455472.972943,4356447072.059587,3169996964418.813965
5785,10455473993043,10455473.993043,4356447497.101254,3174353411915.915039
5786,10455475013143,10455475.013143,4356447922.142920,3178709859838.058105
5787,10455476033243,10455476.033243,4356448347.184587,3183066308185.242676
5788,10455477053343,10455477.053343,4356448772.226254,3187422756957.468750
5789,10455478073443,10455478.073443,4356449197.267920,3191779206154.736816
5790,10455479093543,10455479.093543,4356449622.309587,3196135655777.046387
5791,10455480113643,10455480.113643,4356450047.351254,3200492105824.397461
5792,10455481133743,10455481.133743,4356450472.392920,3204848556296.790527
5793,10455482153843,10455482.153843,4356450897.434587,3209205007194.225098
5794,10455483173943,10455483.173943,4356451322.476254,3213561458516.701172
5795,10455484194043,10455484.194043,4356451747.517920,3217917910264.219238
5796,10455485214143,10455485.214143,4356452172.559587,3222274362436.778809
5797,10455486234243,10455486.234243,4356452597.601254,3226630815034.379883
5798,10455487254343,10455487.254343,4356453022.642920,3230987268057.022949
5799,10455488274443,10455488.274443,4356453447.684587,3235343721504.707520
5800,10455489294543,10455489.294543,4356453872.726254,3239700175377.433594
5801,10455490314643,10455490.314643,4356454297.767920,3244056629675.201660
5802,10455491334743,10455491.334743,4356454722.809587,3248413084398.011230
5803,10455492354843,10455492.354843,4356455147.851254,3252769539545.862305
5804,10455493374943,10455493.374943,4356455572.892920,3257125995118.755371
5805,10455494395043,10455494.395043,4356455997.934587,3261482451116.689941
5806,10455495415143,10455495.415143,4356456422.976254,3265838907539.666016
5807,10455496435243,10455496.435243,4356456848.017920,3270195364387.684082
5808,10455497455343,10455497.455343,4356457273.059587,3274551821660.743652
5809,10455498475443,10455498.475443,4356457698.101254,3278908279358.844727
5810,10455499495543,10455499.495543,4356458123.142920,3283264737481.987793
5811,10455500515643,10455500.515643,4356458548.184587,3287621196030.172363
5812,10455501535743,10455501.535743,4356458973.226254,3291977655003.398438
5813,10455502555843,10455502.555843,4356459398.267920,3296334114401.666504
5814,10455503575943,10455503.575943,4356459823.309587,3300690574224.976074
5815,10455504596043,10455504.596043,4356460248.351254,3305047034473.327148
5816,10455505616143,10455505.616143,4356460673.392920,3309403495146.720215
5817,10455506636243,10455506.636243,4356461098.434587,3313759956245.154785
5818,10455507656343,10455507.656343,4356461523.476254,3318116417768.630859
5819,10455508805817,10455508.805817,4356462002.423754,3322472879771.054688
5820,10455509825917,10455509.825917,4356462427.465421,3326829342198.520020
5821,10455510846017,10455510.846017,4356462852.507087,3331185805051.027344
5822,10455511866117,10455511.866117,4356463277.548754,3335542268328.576172
5823,10455512886217,10455512.886217,4356463702.590420,3339898732031.166504
5824,10455513906317,10455513.906317,4356464127.632087,3344255196158.798828
5825,10455514926417,10455514.926417,4356464552.673754,3348611660711.472656
5826,10455515946517,10455515.946517,4356464977.715420,3352968125689.187988
5827,10455516966617,10455516.966617,4356465402.757087,3357324591091.945312
5828,10455517986717,10455517.986717,4356465827.798753,3361681056919.744141
5829,10455519006817,10455519.006817,4356466252.840420,3366037523172.584473
5830,10455520026917,10455520.026917,4356466677.882087,3370393989850.466797
5831,10455521047017,10455521.047017,4356467102.923754,3374750456953.390625
5832,10455522067117,10455522.067117,4356467527.965420,3379106924481.355957
5833,10455523087217,10455523.087217,4356467953.007087,3383463392434.363281
5834,10455524107317,10455524.107317,4356468378.048754,3387819860812.412109
5835,10455525127417,10455525.127417,4356468803.090421,3392176329615.502441
5836,10455526147517,10455526.147517,4356469228.132087,3396532798843.634766
5837,10455527167617,10455527.167617,4356469653.173754,3400889268496.808594
5838,10455528187717,10455528.187717,4356470078.215421,3405245738575.023926
5839,10455529207817,10455529.207817,4356470503.257087,3409602209078.281250
5840,10455530227917,10455530.227917,4356470928.298754,3413958680006.580078
5841,10455531248017,10455531.248017,4356471353.340420,3418315151359.920410
5842,10455532268117,10455532.268117,4356471778.382087,3422671623138.302734
5843,10455533288217,10455533.288217,4356472203.423753,3427028095341.726562
5844,10455534308317,10455534.308317,4356472628.465420,3431384567970.191895
5845,10455535328417,10455535.328417,4356473053.507087,3435741041023.699219
5846,10455536348517,10455536.348517,4356473478.548754,3440097514502.248047
5847,10455481875166,10455481.875166,4356450781.319170,3444453965283.567383
5848,10455403770693,10455403.770693,4356418237.788754,3448810383521.355957
5849,10455297801406,10455297.801406,4356374083.919170,3453166757605.274902
5850,10455166761594,10455166.761594,4356319483.997503,3457523077089.272461
5851,10455011363038,10455011.363038,4356254734.599171,3461879331823.871582
5852,10454827875915,10454827.875915,4356178281.631253,3466235510105.502930
5853,10454828896015,10454828.896015,4356178706.672920,3470591688812.175781
5854,10454829916115,10454829.916115,4356179131.714586,3474947867943.890137
5855,10454830936215,10454830.936215,4356179556.756253,3479304047500.646484
5856,10454831956315,10454831.956315,4356179981.797920,3483660227482.444336
5857,10454832976415,10454832.976415,4356180406.839586,3488016407889.283691
5858,10454774239681,10454774.239681,4356155933.200420,3492372563822.483887
5859,10454690900722,10454690.900722,4356121208.634171,3496728685031.118164
5860,10454579158266,10454579.158266,4356074649.277503,3501084759680.395508
5861,10454439803250,10454439.803250,4356016584.687504,3505440776265.083008
5862,10454272456924,10454272.456924,4355946857.051670,3509796723122.134766
5863,10454082631087,10454082.631087,4355867762.952920,3514152590885.087891
5864,10453869045763,10453869.045763,4355778769.067920,3518508369654.155762
5865,10453622368059,10453622.368059,4355675986.691254,3522864045640.847168
5866,10453352740263,10453352.740263,4355563641.776254,3527219609282.623535
5867,10453166655560,10453166.655560,4355486106.483337,3531575095389.106934
5868,10452970741623,10452970.741623,4355404475.676253,3535930499864.783203
5869,10452762587191,10452762.587191,4355317744.662920,3540285817609.446289
5870,10452591257602,10452591.257602,4355246357.334170,3544641063966.780273
5871,10452421803982,10452421.803982,4355175751.659170,3548996239718.439453
5872,10452372824082,10452372.824082,4355155343.367503,3553351395061.807129
5873,10454549838905,10454549.838905,4356062432.877087,3557707457494.684082
5874,10454544483986,10454544.483986,4356060201.660837,3562063517696.344727
5875,10455287674696,10455287.674696,4356369864.456670,3566419887560.801270
5876,10455238694796,10455238.694796,4356349456.165004,3570776237016.966309
5877,10455189714896,10455189.714896,4356329047.873337,3575132566064.839844
5878,10455140734996,10455140.734996,4356308639.581671,3579488874704.421387
5879,10458553996934,10458553.996934,4357730832.055837,3583846605536.477051
5880,10465396394847,10465396.394847,4360581831.186254,3588207187367.663086
5881,10472688754503,10472688.754503,4363620314.376253,3592570807682.039551
5882,10476970277315,10476970.277315,4365404282.214587,3596936211964.253906
5883,10481115614689,10481115.614689,4367131506.120420,3601303343470.374512
5884,10481066644740,10481066.644740,4367111101.975003,3605670454572.349609
5885,10481017668889,10481017.668889,4367090695.370420,3610037545267.720215
5886,10481812407846,10481812.407846,4367421836.602504,3614404967104.322754
5887,10481813427946,10481813.427946,4367422261.644171,3618772389365.966797
5888,10492435508136,10492435.508136,4371848128.390003,3623144237494.356934
5889,10501939763757,10501939.763757,4375808234.898754,3627520045729.255859
5890,10510580735265,10510580.735265,4379408639.693753,3631899454368.949707
5891,10510581262818,10510581.262818,4379408859.507504,3636278863228.457031
5892,10517523916431,10517523.916431,4382301631.846253,3640661164860.303223
5893,10524230249221,10524230.249221,4385095937.175420,3645046260797.478516
5894,10525121504236,10525121.504236,4385467293.431670,3649431728090.910156
5895,10528220018452,10528220.018452,4386758341.021670,3653818486431.931641
5896,10532437523078,10532437.523078,4388515634.615837,3658207002066.547363
5897,10536167807013,10536167.807013,4390069919.588754,3662597071986.136230
5898,10536168827113,10536168.827113,4390070344.630421,3666987142330.766602
5899,10541704976935,10541704.976935,4392377073.722920,3671379519404.489746
5900,10542418835018,10542418.835018,4392674514.590837,3675772193919.080566
5901,10542369855118,10542369.855118,4392654106.299170,3680164848025.379883
5902,10542370875218,10542370.875218,4392654531.340837,3684557502556.720703
5903,10549338665146,10549338.665146,4395557777.144170,3688953060333.864746
5904,10556395232692,10556395.232692,4398498013.621670,3693351558347.486328
5905,10559177857219,10559177.857219,4399657440.507920,3697751215787.994141
5906,10561517922599,10561517.922599,4400632467.749587,3702151848255.743652
5907,10564403339685,10564403.339685,4401834724.868753,3706553682980.612305
5908,10568287491491,10568287.491491,4403453121.454587,3710957136102.066895
5909,10568288511591,10568288.511591,4403453546.496254,3715360589648.562988
5910,10568289531691,10568289.531691,4403453971.537920,3719764043620.101074
5911,10568290551791,10568290.551791,4403454396.579587,3724167498016.680664
5912,10574201459597,10574201.459597,4405917274.832087,3728573415291.512695
5913,10586393181208,10586393.181208,4410997158.836670,3732984412450.349609
5914,10600904418911,10600904.418911,4417043507.879586,3737401455958.229004
5915,10615960102275,10615960.102275,4423316709.281254,3741824772667.510254
5916,10633748213355,10633748.213355,4430728422.231254,3746255501089.741699
5917,10644072102379,10644072.102379,4435030042.657921,3750690531132.399414
5918,10647908677499,10647908.677499,4436628615.624587,3755127159748.023926
5919,10647986484253,10647986.484253,4436661035.105420,3759563820783.129395
5920,10654285673882,10654285.673882,4439285697.450837,3764003106480.580078
5921,10658706330004,10658706.330004,4441127637.501670,3768444234118.081543
5922,10666588512333,10666588.512333,4444411880.138754,3772888645998.220215
5923,10672709648053,10672709.648053,4446962353.355420,3777335608351.575684
5924,10675648143225,10675648.143225,4448186726.343754,3781783795077.919434
5925,10675951673165,10675951.673165,4448313197.152086,3786232108275.071289
5926,10675902693265,10675902.693265,4448292788.860420,3790680401063.931641
5927,10675853733869,10675853.733869,4448272389.112087,3795128673453.043945
5928,10675804753969,10675804.753969,4448251980.820420,3799576925433.864258
5929,10675755774069,10675755.774069,4448231572.528753,3804025157006.393066
5930,10675706794169,10675706.794169,4448211164.237087,3808473368170.630371
5931,10675639820028,10675639.820028,4448183258.345003,3812921551428.975586
5932,10675505100040,10675505.100040,4448127125.016670,3817369678553.992188
5933,10675419094720,10675419.094720,4448091289.466670,3821817769843.458984
5934,10675315523395,10675315.523395,4448048134.747920,3826265817978.207031
5935,10675205017759,10675205.017759,4448002090.732920,3830713820068.939941
5936,10675142571492,10675142.571492,4447976071.455004,3835161796140.395020
5937,10675093591592,10675093.591592,4447955663.163337,3839609751803.558594
5938,10675094611692,10675094.611692,4447956088.205004,3844057707891.763672
5939,10677605487028,10677605.487028,4449002286.261670,3848506710178.025391
5940,10681726372047,10681726.372047,4450719321.686254,3852957429499.711426
5941,10684733833443,10684733.833443,4451972430.601254,3857409401930.312500
5942,10685562190494,10685562.190494,4452317579.372503,3861861719509.685059
5943,10685513210594,10685513.210594,4452297171.080837,3866314016680.766113
5944,10685464230694,10685464.230694,4452276762.789170,3870766293443.555176
5945,10685465250794,10685465.250794,4452277187.830837,3875218570631.386230
5946,10687265361969,10687265.361969,4453027234.153753,3879671597865.540039
5947,10690732411077,10690732.411077,4454471837.948753,3884126069703.488770
5948,10694969294285,10694969.294285,4456237205.952087,3888582306909.440918
5949,10700747874847,10700747.874847,4458644947.852921,3893040951857.293945
5950,10711112754350,10711112.754350,4462963647.645837,3897503915504.939941
5951,10727011066568,10727011.066568,4469587944.403337,3901973503449.343262
5952,10746014387649,10746014.387649,4477505994.853754,3906451009444.196777
5953,10766142196779,10766142.196779,4485892581.991253,3910936902026.187988
5954,10783413034188,10783413.034188,4493088764.245004,3915429990790.433105
5955,10803714024596,10803714.024596,4501547510.248337,3919931538300.681641
5956,10808298439494,10808298.439494,4503457683.122504,3924434995983.804199
5957,10812233511506,10812233.511506,4505097296.460836,3928940093280.265137
5958,10814542668236,10814542.668236,4506059445.098337,3933446152725.363281
5959,10815989660672,10815989.660672,4506662358.613337,3937952815083.976562
5960,10816536575622,10816536.575622,4506890239.842504,3942459705323.818848
5961,10816470309976,10816470.309976,4506862629.156671,3946966567952.975586
5962,10816364973782,10816364.973782,4506818739.075837,3951473386692.051270
5963,10816302621346,10816302.621346,4506792758.894171,3955980179450.945312
5964,10816234427881,10816234.427881,4506764344.950420,3960486943795.895508
5965,10816185447981,10816185.447981,4506743936.658753,3964993687732.554199
5966,10817062395453,10817062.395453,4507109331.438753,3969500797063.993164
5967,10817091516682,10817091.516682,4507121465.284170,3974007918529.277344
5968,10817042536782,10817042.536782,4507101056.992503,3978515019586.270020
5969,10816993556882,10816993.556882,4507080648.700837,3983022100234.970703
5970,10816944576982,10816944.576982,4507060240.409170,3987529160475.379883
5971,10816895597082,10816895.597082,4507039832.117503,3992036200307.497559
5972,10816846617182,10816846.617182,4507019423.825837,3996543219731.323242
5973,10816797637282,10816797.637282,4506999015.534170,4001050218746.857422
5974,10816748657382,10816748.657382,4506978607.242504,4005557197354.100098
5975,10816699677482,10816699.677482,4506958198.950837,4010064155553.050781
5976,10816650697582,10816650.697582,4506937790.659170,4014571093343.709961
5977,10816601717682,10816601.717682,4506917382.367503,4019078010726.077637
5978,10816735340511,10816735.340511,4506973058.546253,4023584983784.624023
5979,10817666670154,10817666.670154,4507361112.564170,4028092344897.187988
5980,10819954170268,10819954.170268,4508314237.611670,4032600659134.799805
5981,10822274133255,10822274.133255,4509280888.856254,4037109940023.656250
5982,10825977227475,10825977.227475,4510823844.781254,4041620763868.437500
5983,10829937271797,10829937.271797,4512473863.248754,4046133237731.686035
5984,10834351016245,10834351.016245,4514312923.435420,4050647550655.121582
5985,10838265672087,10838265.672087,4515944030.036253,4055163494685.157715
5986,10839050622344,10839050.622344,4516271092.643337,4059679765777.801270
5987,10841413756926,10841413.756926,4517255732.052504,4064197021509.854004
5988,10845343715232,10845343.715232,4518893214.680004,4068715914724.534180
5989,10847372889226,10847372.889226,4519738703.844171,4073235653428.378418
5990,10848130465350,10848130.465350,4520054360.562504,4077755707788.940918
5991,10848131485450,10848131.485450,4520054785.604171,4082275762574.544922
5992,10848132505550,10848132.505550,4520055210.645837,4086795817785.190918
5993,10851974845037,10851974.845037,4521656185.432087,4091317473970.623047
5994,10854375092054,10854375.092054,4522656288.355837,4095840130258.979004
5995,10858397172893,10858397.172893,4524332155.372087,4100364462414.351074
5996,10860069683887,10860069.683887,4525029034.952920,4104889491449.304199
5997,10861745303080,10861745.303080,4525727209.616670,4109415218658.920898
5998,10863402736823,10863402.736823,4526417807.009586,4113941636465.930664
5999,10869814037523,10869814.037523,4529089182.301253,4118470725648.231934
6000,10872592580151,10872592.580151,4530246908.396254,4123000972556.628418
6001,10876968836689,10876968.836689,4532070348.620420,4127533042905.249023
6002,10879231733697,10879231.733697,4533013222.373754,4132066056127.622559
6003,10882203177135,10882203.177135,4534251323.806253,4136600307451.428711
6004,10885471489338,10885471.489338,4535613120.557504,4141135920571.986328
6005,10888523876510,10888523.876510,4536884948.545837,4145672805520.532227
6006,10891214886774,10891214.886774,4538006202.822504,4150210811723.354492
6007,10898731150706,10898731.150706,4541137979.460837,4154751949702.815430
6008,10898732170806,10898732.170806,4541138404.502503,4159293088107.317871
6009,10898733190906,10898733.190906,4541138829.544170,4163834226936.861816
6010,10898734211006,10898734.211006,4541139254.585837,4168375366191.447754
6011,10898735231106,10898735.231106,4541139679.627503,4172916505871.075195
6012,10898736251206,10898736.251206,4541140104.669170,4177457645975.744141
6013,10898737271306,10898737.271306,4541140529.710837,4181998786505.455078
6014,10898738291406,10898738.291406,4541140954.752503,4186539927460.207520
6015,10898739311506,10898739.311506,4541141379.794170,4191081068840.001465
6016,10898690331606,10898690.331606,4541120971.502503,4195622189811.503906
6017,10898691351706,10898691.351706,4541121396.544170,4200163311208.047852
6018,10899058061363,10899058.061363,4541274192.234588,4204704585400.282227
6019,10899059081463,10899059.081463,4541274617.276254,4209245860017.558594
6020,10899060101563,10899060.101563,4541275042.317921,4213787135059.876465
6021,10899061121663,10899061.121663,4541275467.359587,4218328410527.235840
6022,10899062141763,10899062.141763,4541275892.401254,4222869686419.637207
6023,10899063161863,10899063.161863,4541276317.442920,4227410962737.080078
6024,10899064181963,10899064.181963,4541276742.484587,4231952239479.564453
6025,10899065202063,10899065.202063,4541277167.526254,4236493516647.090820
6026,10899066222163,10899066.222163,4541277592.567920,4241034794239.658691
6027,10899067242263,10899067.242263,4541278017.609587,4245576072257.268066
6028,10899068262363,10899068.262363,4541278442.651254,4250117350699.919434
6029,10899069282463,10899069.282463,4541278867.692921,4254658629567.612305
6030,10899070302563,10899070.302563,4541279292.734587,4259199908860.346680
6031,10899071322663,10899071.322663,4541279717.776254,4263741188578.123047
6032,10899072342763,10899072.342763,4541280142.817921,4268282468720.940918
6033,10899073362863,10899073.362863,4541280567.859587,4272823749288.800293
6034,10899074382963,10899074.382963,4541280992.901254,4277365030281.701660
6035,10899075403063,10899075.403063,4541281417.942921,4281906311699.644531
6036,10899076423163,10899076.423163,4541281842.984587,4286447593542.628906
6037,10899077443263,10899077.443263,4541282268.026254,4290988875810.655273
6038,10899078463363,10899078.463363,4541282693.067921,4295530158503.723145
6039,10899029483463,10899029.483463,4541262284.776254,4300071420788.499512
6040,10899030503563,10899030.503563,4541262709.817921,4304612683498.317383
6041,10899031523663,10899031.523663,4541263134.859587,4309153946633.176758
6042,10898982543763,10898982.543763,4541242726.567920,4313695189359.744629
6043,10898983563863,10898983.563863,4541243151.609587,4318236432511.354004
6044,10898984583963,10898984.583963,4541243576.651254,4322777676088.005371
6045,10898935604063,10898935.604063,4541223168.359587,4327318899256.364746
6046,10898936624163,10898936.624163,4541223593.401254,4331860122849.766113
6047,10898937644263,10898937.644263,4541224018.442921,4336401346868.208984
6048,10898880965340,10898880.965340,4541200402.225003,4340942547270.434082
6049,10898881985440,10898881.985440,4541200827.266670,4345483748097.700684
6050,10898883005540,10898883.005540,4541201252.308337,4350024949350.008789
6051,10898834025640,10898834.025640,4541180844.016670,4354566130194.025391
6052,10898835045740,10898835.045740,4541181269.058337,4359107311463.083496
6053,10898836065840,10898836.065840,4541181694.100004,4363648493157.183594
6054,10898787085940,10898787.085940,4541161285.808337,4368189654442.991699
6055,10898788106040,10898788.106040,4541161710.850003,4372730816153.841797
6056,10898789126140,10898789.126140,4541162135.891670,4377271978289.733398
6057,10898740146240,10898740.146240,4541141727.600003,4381813120017.333496
6058,10898741166340,10898741.166340,4541142152.641670,4386354262169.975098
6059,10898742186440,10898742.186440,4541142577.683337,4390895404747.658203
6060,10898693206540,10898693.206540,4541122169.391670,4395436526917.049805
6061,10898694226640,10898694.226640,4541122594.433337,4399977649511.483398
6062,10898695246740,10898695.246740,4541123019.475004,4404518772530.958008
6063,10898646266840,10898646.266840,4541102611.183336,4409059875142.141602
6064,10898647286940,10898647.286940,4541103036.225003,4413600978178.366211